BusinessName,Mission,ProductsServices,CustomerDemographics,Goals
Solstice Yoga Studio,"Solstice Yoga Studio was founded to bring mindful movement and holistic wellness into the heart of its neighborhood. The founders, longtime yoga instructors, saw a gap in accessible, warm, community-oriented practice spaces. Their aim is to create a sanctuary where people of all levels feel safe, seen, and supported.","Solstice offers in-studio yoga classes (vinyasa, yin, hatha), small group workshops (sound baths, meditation, yoga therapy), private one-to-one sessions, and an online library of recorded classes. They also sell branded yoga mats, blocks, apparel, and wellness accessories.","Adults 25–60, skewing female but inclusive of all genders. Many live or work locally or regionally, health-conscious, middle to upper income.","Increase class membership by 30%, expand their online library subscription base by 50%, launch a retreat program, and host community events to deepen local engagement."
EcoPet Supplies,"EcoPet Supplies exists to support pet owners who care about the planet. The founders, pet lovers themselves, wanted to offer pet products that do not sacrifice quality for sustainability. They source biodegradable, recycled, and non-toxic materials, prioritizing environmental impact in every decision.","They sell eco-friendly pet food, toys made from recycled materials, biodegradable waste bags, natural grooming products, and training aids. They also offer subscription boxes for monthly deliveries and a pet wellness blog to support customers.","Pet owners, typically aged 30–55, located in suburban or city settings across the U.S. These are people who value sustainability and are willing to spend a bit more for environmentally friendlier alternatives.","EcoPet aims to hit 15,000 subscription box buyers within 18 months, expand to select independent pet stores, achieve a 25 % increase in web traffic via content marketing, and build partnerships with animal shelters for co-branding and cause marketing."
Artisan Brew Co.,"Artisan Brew Co. was started by a group of friends passionate about craft brewing and local community. Their vision is to create small-batch, innovative beers and host communal experiences around beer, such as tastings, food pairings, and brewery events.","They produce a rotating line of craft ales, lagers, seasonal brews, and limited-edition small batches. The taproom hosts tasting flights, brewery tours, and events. They also sell merchandise (glasses, shirts, gift packs) and distribute to local bars and stores.","Their patrons are mostly adults aged 25–55 who appreciate craft beer and local flavor. Many are in the same metro area or region, but they also send some packaged products to nearby states. They enjoy social events, craft culture, and food & drink pairings.","Artisan Brew wants to grow its taproom membership program by 40%, begin limited distribution in two neighboring states, launch a “beer club” subscription, increase event bookings, and foster community loyalty."
Pixel & Thread Boutique,"Pixel & Thread was born out of a designer’s passion for combining digital art and fashion. Their mission is to make wearable art that feels personal, expressive, and ethically made. They believe clothing should tell a story and empower self-expression.","They offer graphic tees, hoodies, art-print dresses, accessories (scarves, hats), and limited-edition artist collaborations. The brand also provides custom printing services and offers an online “design-your-own” feature for customers to personalize items.","Their customers are young adults aged 18–35, style-forward, interested in art, pop culture, and self-expression. Many live in urban areas or creative hubs; they shop online nationally and occasionally through boutique pop-ups in cities.","Pixel & Thread aims to double annual revenue in two years, expand their custom platform, partner with 10 independent artists per year, open pop-up shops in key cities, and increase repeat purchases through loyalty incentives."
FreshStart Coaching,"FreshStart Coaching was founded by a life coach who saw many people stuck in career or life transitions. The brand believes everyone deserves clarity, purpose, and momentum. Their goal is to guide clients in designing meaningful lives and actionable plans.","They deliver one-on-one coaching, group coaching programs, self-paced online courses (goal-setting, productivity, mindset), and corporate workshops. They also run retreats and host webinars.","Clients are aged 25–55, often professionals in mid-career or considering transitions. They may live across the U.S. or in English-speaking countries. They value personal growth, clarity, and support in reaching next-level goals.","FreshStart wants to enroll 100 new coaching clients in the next year, grow course revenue by 60%, secure corporate contracts, launch a membership model, and publish content (blog, podcast) to build authority and reach."
Harmony Landscapes,"Harmony Landscapes was created by two horticulturists who wished to reimagine residential landscapes as living, harmonious ecosystems. They emphasize native plants, biodiversity, and sustainable design. Their vision is to restore balance between homes and nature.","They provide landscape design & build, garden maintenance, native plant installation, seasonal cleanups, hardscape services (patios, walkways), and consultation. They also sell small-batch plant kits and host gardening workshops.","Their clients are homeowners ages 35–65, typically in suburban or semi-rural areas within commuting distance of the city. These clients care about aesthetics, sustainability, and creating outdoor living spaces. Many have mid-to-high incomes and budgets for landscape investment.","Harmony Landscapes aims to land 25 new design-build projects this year, expand into maintenance contracts, host community garden showcases, collaborate with local nurseries, and generate referrals through client satisfaction."
Beacon Digital Marketing,Beacon Digital Marketing began as a small consultancy helping local businesses be seen online. The founders believe that every small business deserves access to quality digital marketing tailored to their story and audience — not cookie-cutter tactics.,"They deliver SEO services, social media management, content creation, PPC campaigns, website design, branding, and monthly analytics reporting. They also offer “marketing audits” and training sessions for business owners.","Their clients are small to mid-sized businesses (retail, professional services, local shops) across a given metro region or nationally. Business owners are typically 30–60 years old, seeking to grow online presence. They value measurable ROI, transparency, and collaborative relationships.","Beacon wants to increase client count by 50%, push recurring retainers over one-off projects, maintain high renewal rates, publish case studies for lead generation, and launch webinars or workshops to build trust and attract leads."
Sweet Crumbs Bakery,"Sweet Crumbs Bakery was founded by a pastry chef with a dream of bringing delight and comfort through artisanal baked goods. Using traditional techniques and the finest ingredients, the bakery aims to create seasonal flavors and nostalgic treats that bring joy to every bite.","They bake breads, cakes, cupcakes, cookies, pastries, and seasonal special items (holiday pies, custom cakes). They take custom orders for events, weddings, and corporate gifts. They also offer baking classes and seasonal product lines.","Customers are food lovers and gift-givers, typically aged 25–65, located in the same city or suburban region. They range from everyday shoppers to those ordering custom cakes or large event batches. Many value craftsmanship, taste, presentation, and local authenticity.","Sweet Crumbs aims to open a second location, double their catering volume, grow their baking class participation by 100%, partner with local cafés and boutiques, and increase brand visibility via social media and local events."
LuxeClean Home Services,"LuxeClean Home Services was founded with the belief that every home deserves a deep, respectful, and detail-oriented clean. The founders view cleaning not just as chores, but as restoring sanctuary and peace to households.","They offer residential deep cleaning, regular maintenance cleaning, move-in/move-out cleans, organizing services, and green cleaning (non-toxic, eco-friendly supplies). They also sell add-ons: carpet cleaning, window washing, and seasonal home refresh services.","Their clients are busy professionals or families ages 30–60, living in suburban or urban neighborhoods. Many are dual-income households with limited time, high standards, and a willingness to pay for reliability and quality.","LuxeClean wants to grow recurring monthly contracts by 150%, expand their team into two neighboring zip code markets, launch a premium “signature clean” line, maintain >95% customer satisfaction, and implement referral incentives."
Bright Minds Tutoring,"Bright Minds Tutoring began when a former teacher saw many students struggling to access quality, individualized help. Their philosophy is that every learner deserves tailored attention, encouragement, and tools to build confidence and mastery.","They deliver one-on-one tutoring (K–12, math, reading, science), small group sessions, online tutoring, homework support, test prep (SAT, ACT), and enrichment workshops in summer. They also provide parent coaching and study habit materials.","Their clients are students age 6–18 (and their parents). The parents are often 30–50 years old, located in the same city or region. Many are middle to upper-middle income, willing to invest in education, and seeking quality, personalized support for their children.","Bright Minds aims to increase student enrollment by 40%, roll out an online tutoring portal for remote students, partner with local schools, expand subject offerings (e.g. coding, languages), and track and share student success stories to grow credibility."
UrbanCycle Rentals,"UrbanCycle Rentals was founded to make cycling accessible for city dwellers and visitors. The founders noticed that many people want to explore on bikes but are deterred by logistics or lack of options. Their goal is to provide convenient, quality bikes and related services to empower urban mobility.","They rent bicycles (standard, electric, cargo), helmet and accessory rentals, guided city bike tours, maintenance services, and short-term leases. They also sell branded gear and accessories.","Their customers are tourists, local urban residents, and commuters, typically aged 18–55. Many live in or visit dense city centers. Their interests include recreation, eco-friendly transport, fitness, and exploring the city at a human pace.","UrbanCycle aims to increase rental hours by 30%, expand to 2 new city locations, launch a membership pass, partner with local hotels and tour operators, and maintain a 4.8+ rating in reviews."
Craft & Vine,"Craft & Vine was created by two friends who loved pairing craft goods (artisanal cheese, charcuterie, local crafts) with boutique wines and hosting tasting experiences. Their brand envisions community, flavor, and artisanal discovery in one place.","They curate wine & craft pairing boxes, host in-store tasting nights, sell wine accessories and gourmet small-batch goods, and run subscription “Discovery Boxes.” They also organize local pop-up events and pairings with makers.","Customers are adults aged 30–65, food & wine enthusiasts, urban or suburban dwellers. Many are in higher income brackets and enjoy curated experiences, gifting, and artisanal selections.","Craft & Vine wants to increase subscription box membership, host 12 event nights a year, expand their online footprint regionally, partner with local makers for exclusive items, and build a loyal customer base through community events."
CleanTech Solutions,"CleanTech Solutions was founded to help small businesses adopt sustainable technology in their operations. Their mission is to make energy efficiency, waste reduction, and carbon-conscious systems accessible and practical for mid-size and small enterprises.","They offer energy audits, solar panel consulting and installation, waste stream analysis, retrofitting assessments, and long-term maintenance & monitoring. They also provide workshops and training for clients on sustainable operations.","Their clients are small and medium businesses—retailers, offices, light manufacturing—typically headquartered in regions with incentive programs (sunny states, progressive municipalities). Clients are often business owners aged 35–60, invested in sustainability and cost savings.","CleanTech aims to sign 20 new commercial contracts, pilot a subscription-based monitoring service, increase brand awareness through case studies, partner with municipalities and trade groups, and reduce client energy usage by average 15% per project."
Harmony Strings Music Studio,"Harmony Strings Music Studio was founded by a pair of musicians who wanted to make high-quality music education personal and inspiring. They believe music can transform lives, and they aim to nurture creativity, confidence, and expression in all students.","They offer private lessons (guitar, violin, cello, piano), group classes, ensemble coaching, summer music camps, recitals, and instrument rental. They also host community concerts and open-jam nights.","Their students are children, teens, and adults, typically aged 6–60. The parents (for younger students) are often 30–55 years old, living locally. Many families or individuals value arts education, personal enrichment, and expression.","Harmony Strings aims to grow their student body by 30%, launch an online lesson module, host quarterly recitals, partner with local schools and community centers, and maintain high retention through student progression tracking."
Coastal Clean Car Wash,"Coastal Clean Car Wash was founded to bring an eco-conscious, premium car wash experience to its coastal community. The founders were frustrated by water waste and harsh chemicals in conventional car washes. Their vision blends luxury service with environmental responsibility.","They provide exterior washes, full-service cleaning (interior + exterior), detailing, waxing, ceramic coatings, waterless wash options, and membership plans. They also sell car care products—microfiber cloths, eco-friendly detergents, etc.","Clients are car owners aged 25–65, often with medium to higher incomes, living in the local coastal region or suburbs. They value convenience, quality, and eco-friendliness. Many are repeat customers with subscriptions.","Coastal Clean plans to grow membership accounts by 50%, expand to a second facility, introduce mobile detailing services, partner with local dealerships, and maintain a 4.9+ average review rating."
The Book Nook Cafe,"The Book Nook Cafe came into existence when two bibliophiles and coffee lovers wanted a cozy space merging literature and community. Their belief is that reading, conversation, and good coffee enhance life. They wanted a place for people to linger, connect, and be inspired.","They offer coffee, teas, light bites, baked goods, and serve as a community café. On the retail side, they sell curated books (fiction, local authors, indie publishers), book-themed merchandise, and host events such as author readings, book clubs, writing workshops, and poetry nights.","Their patrons are local residents, students, remote workers, and book lovers, typically aged 18–65. Many live or work nearby. They appreciate ambiance, coffee culture, and community spaces enriched by books and conversation.","The Book Nook aims to increase foot traffic by 25%, host 50 events/year, expand the book inventory and online store, increase café revenue through membership / loyalty, and build a strong local brand presence."
FitFusion Boutique Fitness,"FitFusion Boutique Fitness was founded by instructors who felt big-box gyms lacked personality, community, and purpose. Their mission is to deliver dedicated, curated fitness experiences that feel personal, motivating, and transformational.","They offer small-group classes (HIIT, barre, Pilates, functional training), personal training sessions, specialty workshops (mobility, breathwork), class packs & memberships, and branded athletic gear. They also provide wellness coaching add-ons.","Clients are generally aged 20–50, fitness-minded and community-seeking, living in the same metro area. Many are women but men are welcome. They may work long hours and value boutique experience, results, and a sense of belonging.","FitFusion aims to grow membership by 35%, launch an on-demand video class platform, hold outdoor fitness events, open a second studio in a neighboring neighborhood, and increase member referrals."
Handcrafted Home Goods,"Handcrafted Home Goods was created by artisans who wanted to bring craftsmanship and warmth back into home décor. They believe that homes should be filled with meaningful, well-made items—not mass-produced, forgettable pieces.","They produce & sell handmade furniture pieces, ceramics, textiles (throws, pillows), decorative accessories (vases, wall art), and small gift items. They also run workshops (pottery, weaving, woodworking) and accept custom commissions.","Customers are homeowners or renters aged 25–65, with interest in design, crafts, and artisan-made surroundings. Many are in urban / suburban areas and willing to invest in quality decor. They might also gift handcrafted items.","Handcrafted Home Goods wants to expand its e-commerce sales by 50%, launch a wholesale line for small boutiques, open a showroom or studio space, increase workshop attendance, and collaborate with interior designers for commissioned projects."
BrightPath Financial Coaching,"BrightPath Financial Coaching was founded to demystify personal finance and help people build strong money habits. The founders believe that financial clarity empowers life decisions and reduces stress. They aim to offer guidance that is actionable, warm, and grounded.","They offer one-on-one coaching, group financial wellness workshops, self-paced courses (budgeting, investing, debt reduction), corporate wellness programs, and resource libraries (worksheets, webinars). They also host webinars and publish content.","Clients are adults aged 25–55, many early in their financial journeys (paying off debt, saving, investing). They live across U.S. metro areas and suburbs. Many value financial security and want clear, friendly guidance. Income levels vary widely (coaching is scalable).","BrightPath plans to enroll 200 coaching clients in a year, expand corporate wellness contracts, launch a subscription membership for continuous financial support, publish a personal finance podcast, and measure client outcomes to drive referrals."
Taste of Terra,"Taste of Terra was launched by a chef passionate about plant-based cuisine and sustainability. Their vision is to show that vegan food can be vibrant, flavorful, and satisfying—not restrictive. They aim to make plant-based catering accessible and exciting.","They provide event catering with fully plant-based menus (buffets, plated dinners, hors d’oeuvres), drop-off meals, weekly meal plans, cooking demos, and consultation for clients exploring plant-based transitions. They also host tasting pop-ups and vegan food truck events.","Their clients are event planners, health-conscious individuals, corporate clients hosting wellness or green events. Ages 25–60, often urban or suburban. Many have environmentally minded values or dietary preferences (vegan, vegetarian, flexitarian) and are often middle to upper income.","Taste of Terra aims to land 15 new corporate catering contracts, host pop-up events in three cities, grow drop-off meal sales by 100%, partner with wellness brands and festivals, and build a strong social presence around plant-based food culture."